Model,Genus,Precision,Recall,F1,Support
Logistic Regression,Flavivirus,0.9969159599074788,0.9953810623556582,0.9961479198767335,1299
Logistic Regression,Hepacivirus,0.9942979330007128,0.9978540772532188,0.9960728311317386,1398
Logistic Regression,Pegivirus,0.9763779527559056,0.9612403100775194,0.96875,129
Logistic Regression,Pestivirus,0.9967532467532467,0.9951377633711507,0.9959448499594485,617
Random Forest,Flavivirus,0.9969183359013868,0.9961508852963818,0.9965344628417405,1299
Random Forest,Hepacivirus,0.9935897435897436,0.9978540772532188,0.9957173447537473,1398
Random Forest,Pegivirus,0.9841269841269841,0.9612403100775194,0.9725490196078431,129
Random Forest,Pestivirus,0.9967479674796748,0.993517017828201,0.9951298701298701,617
