Rank,LR_Feature,LR_Coefficient,RF_Feature,RF_Importance
1,genome_length,0.4809,RSCU_CGT,0.1072
2,RSCU_CGT,-0.4764,CG_OE,0.0746
3,AC_freq,0.3720,CpG_OE,0.0661
4,AA_OE,-0.3541,GT_freq,0.0654
5,RSCU_GTG,0.3296,CA_freq,0.0621
6,TT_freq,-0.3261,CT_OE,0.0559
7,RSCU_AGG,0.3136,RSCU_ACA,0.0503
8,RSCU_CCT,0.3117,RSCU_AGA,0.0389
9,RSCU_ATT,-0.2973,AA_OE,0.0357
10,TC_freq,-0.2923,RSCU_CGA,0.0347
11,AC_OE,0.2699,AG_freq,0.0295
12,RSCU_GCC,0.2597,CG_freq,0.0293
13,AG_OE,0.2410,GA_freq,0.0248
14,AT_OE,-0.2408,TC_freq,0.0243
15,TC_OE,-0.2400,AA_freq,0.0238
